1,55,"Female","Yes",1.70744160654253,2.90169383091186,2.04484417226894,"Scotland"
2,31,"Male","No",2.85856053532293,2.18987468151438,1.88952784445242,"England"
3,81,"Female","Yes",1.53187392166598,2.55425368549778,2.58371012713435,"England"
4,68,"Male","No",2.17846087934523,3.16646959845463,3.5307736040797,"NI"
5,34,"Male","No",1.86786763674485,2.37707127076872,2.1987489835567,"England"
6,47,"Male","No",2.1086085208268,3.07744358263841,2.20143717377705,"England"
7,83,"Female","No",2.01663847458245,1.85818677553361,2.59353799558763,"Wales"
8,68,"Female","No",2.03612030807337,1.51277191281788,1.97594038178653,"Scotland"
9,74,"Male","Yes",2.0424211670702,2.68325998305739,3.26973196913428,"England"
10,78,"Female","No",1.07681301297028,3.16661189558766,2.41376025067224,"England"
11,79,"Female","Yes",2.10026300477381,2.20524489519318,3.34518533882592,"England"
12,76,"Male","Yes",2.16032542347878,2.357124963317,3.0256435257815,"Scotland"
13,17,"Male","No",2.29379824316478,3.01862154440381,3.12672321006562,"Scotland"
14,74,"Male","Yes",2.74260241127544,2.24541781715796,1.64856065392716,"England"
15,46,"Male","No",2.11727726589346,1.87267594990591,1.51755753273038,"England"
16,26,"Male","Yes",2.22726279111618,2.03757168138947,2.64833405869487,"England"
17,21,"Male","No",1.42900153440591,2.40312356484746,2.3771023873038,"England"
18,20,"Male","Yes",2.14680010003506,1.63266275375248,2.38948759473484,"England"
19,70,"Female","No",1.3689376171719,2.95290170450892,2.54357135654787,"England"
20,64,"Female","No",3.039289973361,2.82143669842995,3.65037969055328,"England"
21,78,"Female","No",1.93219939264153,2.97187317176548,2.3098280269955,"England"
22,24,"Male","Yes",2.26551561831238,3.36550193749419,2.20854469884288,"England"
23,35,"Female","No",2.30742782526208,3.05298086186929,3.66777037281211,"England"
24,43,"Female","Yes",1.48547829857528,3.31087938029678,2.75537605990271,"England"
25,38,"Male","No",2.31943400297784,2.30385804405764,2.76757313514633,"England"
26,70,"Male","Yes",1.59573702586607,3.14986217557906,1.76822874435214,"England"
27,20,"Male","No",2.31549766372181,1.74393659292905,3.09700707362092,"England"
28,82,"Male","No",1.80916160728514,2.84355509579448,3.36962600124534,"England"
29,71,"Female","No",1.78042942598343,3.42844643303944,3.07429072750831,"England"
30,64,"Female","Yes",2.29467690558579,3.65215518397091,1.86278119682238,"Scotland"
31,81,"Male","Yes",2.27222082430105,2.6629353385899,3.55274358846916,"England"
32,45,"Female","Yes",1.98301386768715,2.92812633618754,2.41644087144717,"England"
33,20,"Male","No",1.75392517047432,1.8959733622399,3.80379724375562,"England"
34,75,"Male","Yes",2.19118270505439,1.64109439017173,2.91208127946613,"England"
35,19,"Male","No",2.07708572251636,2.49308912089626,2.88058151277573,"England"
36,21,"Male","Yes",2.55096522554029,2.66402444945138,3.91498811126085,"England"
37,77,"Male","No",1.80292055012349,2.42582743296616,3.39541731554932,"Scotland"
38,37,"Female","No",2.04215828721183,2.05066168838191,2.90944851001901,"England"
39,79,"Male","No",3.16726811189704,1.81555939329543,2.09905868604476,"England"
40,29,"Female","No",1.49655927995397,3.02709674810123,3.19606212656668,"England"
41,61,"Female","Yes",2.24910816850932,3.06334874966518,3.109665128268,"England"
42,54,"Male","Yes",2.29300574168861,2.4108827537386,2.27644731137557,"England"
43,58,"Male","Yes",1.88902146505248,3.44141302760185,2.46754557496518,"England"
44,37,"Male","No",1.76645225037649,2.50858088511421,2.43115675686858,"England"
45,35,"Female","Yes",1.41511409131094,3.0471865245459,1.5415485204049,"England"
46,27,"Female","Yes",1.43372966849811,2.12401400737764,3.05087306281797,"England"
47,60,"Male","Yes",1.97591027545526,2.83922903304039,1.64240383082974,"Scotland"
48,29,"Female","No",2.68880980025152,2.86968544276162,2.83454770323593,"England"
49,39,"Female","Yes",2.12524261152636,2.662220400074,1.60474412790049,"England"
50,39,"Male","Yes",2.8264882623485,3.11093275315701,3.23166885893246,"England"
51,84,"Female","Yes",1.81694894428064,2.42529489890763,3.14454618793408,"England"
52,46,"Female","Yes",2.37194322210872,1.37659614658478,3.82709781372688,"England"
53,39,"Female","No",2.15846734474285,2.31142826269434,1.83921122422918,"England"
54,71,"Male","No",2.27044554273345,2.92519043912794,3.2306848680425,"England"
55,17,"Male","Yes",2.19653872281719,1.45050141804031,2.46997384243742,"England"
56,43,"Male","Yes",2.46553195960171,1.53953626957766,2.75037295620141,"England"
57,64,"Male","Yes",2.09636603922305,2.51276487696131,2.34079318323909,"England"
58,71,"Female","No",2.55519610408779,2.56754655062763,2.87978007475266,"England"
59,24,"Male","No",2.33038691119315,3.1826686313168,1.88762586460351,"England"
60,81,"Male","Yes",2.09551745944318,2.46557990517436,2.02361477701982,"England"
61,71,"Male","No",2.04697930585725,2.78446190705302,3.14339451981896,"England"
62,47,"Female","No",1.4999645307388,2.65303867835061,0.734003068759843,"England"
63,21,"Female","No",1.795157718461,2.9169193210468,2.43269750803308,"England"
64,66,"Female","Yes",1.97624544539958,3.01304558985832,2.32138017076544,"England"
65,44,"Female","Yes",2.53974812526254,1.75312631218358,3.09523222160088,"England"
66,54,"Male","Yes",2.47191993895184,2.11724253498082,2.88990386103488,"England"
67,61,"Female","Yes",1.72105074399503,3.01445555279778,1.72973240009518,"England"
68,64,"Male","No",1.87612832005313,1.28648458805111,3.57387223363656,"Scotland"
69,46,"Female","No",2.91645551754267,1.06143577069994,3.29622335852467,"England"
70,74,"Male","Yes",1.43611696549278,2.5762801272194,3.54452784813186,"Scotland"
71,18,"Male","No",2.18429546969306,2.51878071747203,1.97761512154256,"England"
72,85,"Female","Yes",2.23049830100006,2.30544248933644,3.84800150025077,"England"
73,22,"Male","Yes",1.86419948499838,2.97503924535687,3.39365429760591,"England"
74,39,"Female","Yes",1.45492948423277,3.16766745659089,3.36191844245657,"England"
75,30,"Male","No",1.91504679797072,3.05638173660853,1.82338743055452,"England"
76,75,"Female","Yes",3.36360643536758,2.40109926658043,2.56578099936377,"Scotland"
77,82,"Male","Yes",2.04840961456417,2.48481459103491,2.73238110237879,"England"
78,25,"Male","No",1.99513314588357,2.6707794897058,1.72046981978366,"England"
79,48,"Male","No",2.18430245629526,1.30932308598212,2.47904419950637,"Scotland"
80,49,"Female","Yes",1.55065650810233,1.93765870403155,3.11537581077706,"England"
81,79,"Female","Yes",2.45306236778395,2.94624334898069,2.81468710496729,"England"
82,24,"Female","No",2.43811616840194,2.63838695537935,2.76682210466408,"England"
83,56,"Male","Yes",1.93637176755991,1.77050240098826,3.5504238576445,"England"
84,79,"Female","No",2.12788690758917,3.22182795897064,2.11949410535551,"NI"
85,38,"Male","No",1.86263191530042,2.77427715059301,3.12550874550784,"Scotland"
86,39,"Female","No",2.42424911377087,2.16268206566096,3.30395900622758,"England"
87,77,"Male","Yes",1.32037397653852,2.50632353599443,1.76037156341182,"England"
88,39,"Male","No",1.99554203083014,2.53742577193912,1.31605290077904,"England"
89,25,"Male","Yes",2.39300817792787,2.33319320809102,3.23437362330015,"England"
90,41,"Female","No",2.89304812602191,2.39761338991157,2.44703465646324,"Scotland"
91,81,"Male","No",1.67300429429118,2.41695750282145,4.16688086141459,"England"
92,77,"Female","Yes",1.57424761471087,2.86965233721843,2.81711233630891,"England"
93,73,"Male","No",2.0491408252693,3.05980648433398,2.59210222828314,"England"
94,18,"Male","Yes",2.07296595930157,2.80918129898657,1.48490327488567,"England"
95,60,"Male","Yes",2.45627985840024,3.4776955882039,2.08389166024173,"England"
96,70,"Male","Yes",2.04623758970356,2.84747104800734,1.71384508733573,"England"
97,66,"Female","Yes",1.83021140678811,2.68066930680827,4.46168362164262,"England"
98,29,"Male","Yes",2.98827144527401,2.97064940684241,1.77824031780175,"England"
99,57,"Female","Yes",1.94529807120401,2.4240015241483,3.0139055118979,"England"
100,45,"Female","Yes",2.51401258629524,2.91009140912008,3.48197125758656,"England"
101,39,"Female","Yes",2.44987567869986,3.62289636370942,2.39952238062763,"Scotland"
102,46,"Male","No",1.89332092743373,2.38347037679072,2.70384925606359,"England"
103,42,"Male","Yes",2.8813450884366,3.07930155626888,1.906795690445,"England"
104,77,"Female","No",1.556774636028,2.51390882211424,2.60611472765225,"Scotland"
105,35,"Male","Yes",1.65926279277328,2.08117970789404,2.37534630534203,"England"
106,44,"Male","No",2.64854724555106,3.13486656522251,2.1203260501678,"England"
107,78,"Male","Yes",1.36799462746227,2.75713171918999,2.99803510621654,"England"
108,73,"Male","Yes",2.39955788347556,2.32258619363914,2.06871940905409,"England"
109,67,"Male","Yes",2.1928012722693,3.48649143842349,1.60573396078308,"England"
110,47,"Male","Yes",2.44755246075847,1.46031415937085,3.14494365427826,"England"
111,48,"Female","Yes",2.46727486939049,2.46480099505331,2.74129863831077,"England"
112,50,"Male","No",1.78719106807677,2.3832819397254,1.55514861373087,"England"
113,25,"Male","No",1.7783215145806,2.42673260433676,2.15251512954018,"Wales"
114,36,"Female","Yes",2.48271893838243,2.56788438674597,3.16330996493212,"Wales"
115,60,"Female","No",2.51754049237686,3.54257235325285,1.96161700384992,"England"
116,64,"Female","No",1.57657428526131,1.33772165417038,3.11368161670637,"Scotland"
117,27,"Female","Yes",1.5210109036717,3.08083241739016,2.3971415117243,"England"
118,72,"Female","Yes",1.59490988413502,2.07420920775219,1.68832792346472,"England"
119,30,"Male","Yes",2.09305384166397,3.0276161413249,2.91602023542965,"England"
120,54,"Female","No",2.09010162897331,2.2494510612826,0.992212650961182,"England"
121,84,"Female","No",3.19396818561073,2.98255656831108,2.18955409649142,"England"
122,45,"Female","No",2.35266195035173,2.37572222246986,2.55411026940591,"England"
123,22,"Male","Yes",2.02906113154996,2.1581470212761,2.77309924181785,"England"
124,28,"Female","Yes",1.85186810623527,1.81219242688725,2.77705239184105,"England"
125,30,"Male","Yes",1.84852345736063,1.94134155172485,2.68447366049188,"England"
126,19,"Female","Yes",1.80866051104547,2.29678461116683,3.51022416818712,"England"
127,36,"Female","Yes",1.5857508373453,2.47740440887136,3.72451003021918,"England"
128,42,"Male","No",2.18213927316265,2.78802572362513,3.80076419885502,"England"
129,36,"Female","Yes",0.601082529975536,2.45729985955498,1.75764663836315,"Scotland"
130,25,"Female","No",1.55036120632261,3.19015574750574,2.08580015448448,"England"
131,25,"Male","Yes",2.56603484492797,1.80567466782331,1.79185680061063,"NI"
132,77,"Male","Yes",2.17012255631727,2.81073018821231,2.33801031377916,"England"
133,46,"Female","No",2.36067660309897,3.01333342035068,2.80847137779379,"England"
134,23,"Female","Yes",1.82284536983271,2.78574848331782,2.7315901679,"Wales"
135,27,"Male","No",2.76249534000703,2.42773920456511,2.45972493404336,"England"
136,78,"Male","No",1.96020147161254,2.21699286285985,2.50905407265571,"England"
137,79,"Male","Yes",2.37605676213329,1.71061788172995,2.33824556872491,"Wales"
138,75,"Male","No",2.10642644005776,1.63555112628311,2.05057775437841,"England"
139,54,"Female","Yes",2.32517442293196,2.89122732610717,2.13312940586169,"England"
140,35,"Female","No",1.89251668931179,2.32184940016711,2.07111666065098,"Scotland"
141,72,"Male","No",2.6846836685831,1.65199495241898,2.28031279932965,"England"
142,21,"Male","Yes",1.85671214481765,2.78861245602335,1.70354835375279,"England"
143,22,"Female","No",3.44417021790455,2.94217980605107,3.41136931428007,"England"
144,36,"Male","Yes",2.02398749452016,1.29543822182985,3.87822604382036,"England"
145,51,"Female","No",2.1592794520887,3.5294025203436,1.75922516805167,"England"
146,76,"Female","Yes",1.80853250670653,3.19164787866818,3.42608860767054,"England"
147,65,"Female","No",2.44452345375333,1.79089460610574,2.6836086935688,"England"
148,45,"Male","No",2.18877335564472,2.04963622989243,2.62739045478177,"Scotland"
149,54,"Female","Yes",2.39860572286201,2.6166757106742,2.64799702752162,"England"
150,26,"Male","No",2.43519023336871,2.70407069574139,2.90714987279261,"England"
151,51,"Female","No",1.73862276151887,1.83330140054717,2.67676387598685,"Scotland"
152,24,"Female","Yes",2.48815719717736,2.1432212108022,2.05040403731707,"England"
153,27,"Male","Yes",1.54075293243329,4.22689414179048,2.69976495660755,"England"
154,78,"Female","Yes",2.1720806233812,3.02499897622609,3.1784507575904,"England"
155,35,"Female","Yes",2.52893241865783,3.27870127262241,2.45665879925606,"England"
156,68,"Male","No",1.35201172019833,2.05568209322879,1.81412657401778,"England"
157,40,"Female","Yes",1.89254218396142,2.32772567495469,1.53665325400535,"England"
158,60,"Female","No",1.91060835220858,1.74322840839989,3.01475866283431,"England"
159,31,"Female","Yes",1.13071772246346,2.70296487766203,2.56845115218598,"England"
160,66,"Female","Yes",2.00479450818679,2.47186057301185,2.22439197649369,"England"
161,70,"Male","Yes",2.76156668409813,3.79461888972552,2.75664218628966,"England"
162,83,"Female","Yes",1.43852478757224,2.32182853464347,2.15760454837314,"England"
163,83,"Female","No",1.58325769904128,2.50599445009515,2.55646041807624,"England"
164,49,"Male","No",1.91525451826304,1.97293595806151,2.79581945399901,"Scotland"
165,79,"Female","Yes",2.07205236913791,2.62899146994193,1.28471956657933,"England"
166,63,"Female","No",2.1493149414109,2.06104346737116,1.97019165672584,"England"
167,62,"Female","No",2.1888277525062,1.91846837989917,1.75093609457546,"England"
168,61,"Male","Yes",1.96924484777256,2.44165094077796,1.8057485930009,"England"
169,48,"Female","No",3.20882255115672,1.99415053804284,3.61912634660813,"England"
170,52,"Male","Yes",1.88961176674041,2.01700605932635,3.37934263269529,"England"
171,66,"Male","No",1.47238235109924,2.7854678874742,3.10681809022386,"England"
172,44,"Male","Yes",1.36455270157332,3.10977278157917,2.36899082622919,"England"
173,31,"Female","No",2.00624460815965,2.98663076086258,3.37994359851774,"England"
174,45,"Male","Yes",1.84634865321338,2.49710297871556,1.81625647709425,"Scotland"
175,58,"Female","No",2.59329729856669,2.55098270220617,1.3126168694529,"Wales"
176,49,"Female","Yes",2.01202002715646,2.07577442300568,0.642420282803405,"England"
177,56,"Male","No",2.13722496804942,2.66528232227487,2.75775380384769,"England"
178,44,"Male","Yes",1.33970309048119,3.05927456694864,2.63370589589326,"England"
179,17,"Male","No",1.98722914784167,1.9557408957315,2.09644054668142,"England"
180,30,"Male","Yes",1.97221314590659,3.05957792770551,2.927953025052,"England"
181,84,"Female","Yes",1.44057284075896,2.13616980188086,2.63753874490656,"England"
182,65,"Male","No",1.67091272448661,2.74091346200791,2.41333694131247,"England"
183,23,"Female","Yes",1.68959996929604,1.7224725138751,3.43824405520207,"England"
184,63,"Male","Yes",2.48878079358611,2.59584179033458,3.5459667011904,"England"
185,17,"Female","Yes",2.36227263478167,3.23399282202894,3.28757648901146,"England"
186,34,"Male","Yes",2.4263797264883,2.4561819670997,2.99778394256258,"England"
187,51,"Male","Yes",2.76073611944498,1.61365245809058,1.95904752111771,"England"
188,36,"Male","Yes",1.94894454246225,3.41356520632623,2.44858776434166,"England"
189,54,"Male","Yes",2.65603674777109,2.03972434117467,2.58113637736185,"England"
190,61,"Female","Yes",1.97510470340725,1.95091812447496,2.70723075924567,"Scotland"
191,51,"Male","Yes",2.64340453816772,2.15531752639249,3.33664369832517,"England"
192,68,"Male","No",1.51106836867532,1.94248393417269,1.68734416691354,"Scotland"
193,55,"Male","No",1.81602460840346,2.6104509301779,1.72884760795525,"England"
194,76,"Female","No",2.5293055015601,2.68657479746063,2.57097012599703,"England"
195,25,"Female","No",2.87900448350024,2.29778154502801,1.65391006516089,"England"
196,73,"Male","No",2.08172753559778,2.96050203152977,3.33585887649935,"England"
197,66,"Male","Yes",1.94429301747348,2.74964440654462,2.5007047036596,"Scotland"
198,83,"Female","No",2.39425141518625,1.78368107050543,0.859679188002417,"England"
199,80,"Male","No",2.04329751523713,2.8693859291633,2.45498859097052,"England"
200,24,"Female","No",2.10640407824071,1.77256200177669,2.74741723613468,"England"
201,30,"Female","No",2.21854033769002,2.45308357417314,2.10868711123947,"England"
202,62,"Male","No",2.61206788577547,2.34685429305671,1.78722372308514,"England"
203,59,"Female","No",1.59918402692188,2.05263656422529,2.61846702268556,"England"
204,84,"Female","No",1.89261023984989,3.13067090326194,3.40552556566795,"Wales"
205,44,"Female","No",2.38215023381363,2.51444979638897,2.29834955546855,"England"
206,83,"Female","No",1.09243378686933,2.7903975743743,3.33170084263461,"England"
207,49,"Female","No",2.70885828223101,2.47469064491726,3.52078230873819,"England"
208,38,"Female","No",1.79515814052382,2.00478895788338,1.78835929215689,"Scotland"
209,74,"Female","No",1.60914963764781,2.82546909745236,3.17264854901937,"England"
210,58,"Female","Yes",2.17876087850198,2.05376208293684,2.53981263278562,"England"
211,59,"Female","Yes",3.14987538438802,2.9757485315153,2.76974523711623,"England"
212,61,"Male","Yes",1.78402749150652,3.85355954225133,3.75087756682986,"England"
213,84,"Male","No",1.39753033004882,2.69217537345659,3.24732179862665,"England"
214,52,"Female","No",2.0374147537218,2.87785859455962,2.296402868831,"England"
215,42,"Male","No",2.65000987841684,2.74483964535955,1.63445937229401,"Scotland"
216,29,"Female","Yes",1.96975816468739,3.20053201898237,2.84602404149967,"Scotland"
217,81,"Female","Yes",2.38187575299488,1.80045782852644,2.95292222997739,"Scotland"
218,40,"Male","Yes",2.64360626059595,1.96431137937688,3.3988233682247,"England"
219,39,"Female","No",1.29449668531433,2.54139510693724,3.53910891674871,"England"
220,77,"Female","No",2.38203476841195,2.46654865469312,2.75004825431722,"England"
221,45,"Female","Yes",1.85697604055973,1.85551408442856,2.71890944868894,"England"
222,84,"Female","No",2.07199154339222,1.51787353173884,2.89647056143659,"England"
223,42,"Male","No",3.1551547999422,2.23588580466462,3.31424007092126,"England"
224,59,"Male","No",2.21856611456546,3.42129821164656,2.71881328028415,"England"
225,59,"Female","No",2.48106608322908,3.756731633019,2.35711581225297,"Scotland"
226,24,"Female","No",1.63486085595097,2.96771499393003,1.9247818747759,"Scotland"
227,63,"Male","Yes",2.30218353072081,1.59261674916041,2.61886550132117,"Wales"
228,17,"Female","No",2.04192298914194,2.91978436307378,2.60006994893843,"England"
229,55,"Female","Yes",1.99099321127911,2.19749717521641,2.61027217071387,"England"
230,54,"Female","No",2.36223539878778,2.5716814022676,2.35379406845776,"England"
231,67,"Male","Yes",1.39298117623097,2.87940551744153,2.22584838511671,"England"
232,40,"Female","Yes",2.75354805144362,3.4295623583769,3.21188224895288,"Scotland"
233,31,"Male","No",3.17283892294607,2.57525537769527,2.51674426628067,"England"
234,31,"Male","Yes",1.89263572703344,2.10608408978787,3.62304931249629,"England"
235,44,"Male","No",2.34383814970429,2.92836777678744,2.10108619364961,"England"
236,20,"Male","Yes",3.06531474133096,2.95906773995701,1.41143427224519,"England"
237,68,"Female","Yes",1.68543222426921,3.00615245655259,2.50601782730188,"Scotland"
238,79,"Female","No",2.12214944532297,3.14052300754288,3.20276358312858,"England"
239,75,"Female","Yes",3.18505827902792,2.66170201701896,2.51023795315256,"England"
240,36,"Male","No",1.6651275793956,1.97177224812027,1.58373990079599,"Scotland"
241,60,"Male","No",2.54907504611618,2.57460222622859,2.23126423911087,"England"
242,29,"Male","Yes",2.3225454748191,1.51320330317366,2.58462490653577,"NI"
243,69,"Female","Yes",1.92932915523909,3.14445059805619,3.45779921640336,"Scotland"
244,73,"Female","Yes",2.27007122888627,2.78317364695139,3.34014658468282,"England"
245,72,"Male","No",1.94386971680985,2.8935096698481,3.13722547980811,"England"
246,70,"Male","Yes",2.45738078976039,2.59020942365271,2.91639837649361,"England"
247,67,"Female","No",1.86050234194898,1.16091456617552,2.08115976534039,"England"
248,60,"Male","No",1.27413840905127,2.15857549669196,3.13724893750833,"Scotland"
249,45,"Female","Yes",2.48220292736888,3.02882120003271,3.40196070565701,"Wales"
250,45,"Female","Yes",2.63219384081539,2.34673115831201,3.09243006541992,"England"
251,46,"Female","No",2.15242331283542,2.96874006229362,3.37475302933366,"England"
252,44,"Female","Yes",1.70984047968713,1.97493056609282,2.80766974498883,"England"
253,67,"Female","Yes",1.87318269402067,2.64454765843345,3.27205843927173,"England"
254,60,"Male","Yes",1.48092337265825,2.19310504149113,3.52231957554585,"England"
255,39,"Female","No",1.44793327307134,2.13647299697472,1.98061565904735,"Scotland"
256,40,"Male","Yes",2.63222492312279,2.39593209514628,3.59743574846567,"England"
257,47,"Male","Yes",1.13249817237484,3.46026628229072,3.1071643947113,"England"
258,37,"Female","No",2.36258594456797,2.5964404893217,3.06849164422266,"England"
259,48,"Male","Yes",1.91943773681298,2.62456553789839,2.65780605045319,"England"
260,81,"Female","No",1.47694188905976,3.39143101067459,1.98924185811149,"England"
261,20,"Female","No",1.990721470498,2.33889085268318,1.79744162680793,"England"
262,26,"Female","Yes",2.01114588931133,2.78992614257055,2.80675307705138,"England"
263,60,"Male","No",2.66508178811969,2.09506912273754,2.51618183622739,"England"
264,27,"Male","No",3.22745161948656,2.9750791222071,3.30226935184801,"England"
265,66,"Female","No",2.95676722605165,1.74569052331183,2.59939165174999,"England"
266,27,"Male","Yes",2.86468598818744,2.46873740320602,2.36879377354837,"England"
267,49,"Female","Yes",2.8594665889123,3.13152206851906,3.59239122500434,"England"
268,36,"Male","No",2.53650563645195,3.24952613261447,2.43752722335778,"England"
269,83,"Female","No",1.88637728385267,2.45157608761782,2.17160092776982,"England"
270,66,"Male","No",2.18045127456841,1.16174356349357,3.0465135303849,"Scotland"
271,46,"Male","No",1.38062022822057,3.42133936921482,3.58709310655101,"England"
272,43,"Female","Yes",1.73441864234907,2.1513766454917,1.97503215029368,"England"
273,66,"Female","Yes",1.6896737780471,2.90217920423122,2.4324089789709,"England"
274,34,"Male","Yes",1.58761948787935,1.54988000853251,2.38553317281272,"England"
275,65,"Female","No",2.7639482690763,2.25015377352088,2.63131659957474,"England"
276,42,"Male","Yes",2.33502254242632,3.41339401014563,2.8252659204875,"England"
277,71,"Female","Yes",2.22431831572365,2.69204427136745,3.08454460606527,"England"
278,63,"Male","Yes",2.09467648484827,2.69239041670728,3.29059220767959,"England"
279,62,"Female","Yes",2.56338958707856,3.00287117987263,2.13573258931733,"NI"
280,37,"Female","Yes",2.51577975124125,1.73574916549486,2.60092577950214,"England"
281,46,"Female","No",1.67471492411779,2.51779504905748,3.12194392837951,"England"
282,76,"Female","No",1.15820255482582,2.7659297921803,2.22358963604332,"England"
283,66,"Female","No",1.54611701458512,3.13439016352627,2.90660723889982,"Scotland"
284,38,"Female","Yes",1.86741057405644,2.04673668418722,3.74371966118127,"England"
285,58,"Male","Yes",2.09847582202298,2.63117436164524,1.7373680574367,"England"
286,42,"Female","No",2.80660073862589,2.87310224619239,3.08073595842879,"England"
287,58,"Female","No",2.39834158739127,4.58080360649253,2.56305258471964,"England"
288,60,"Female","No",2.42215899424551,3.39032598932224,1.95923080547385,"England"
289,69,"Female","No",2.48092480079811,1.17247148478038,2.78115337724521,"Wales"
290,30,"Female","No",2.03869988950511,2.50964735120405,2.57784621362316,"Scotland"
291,70,"Male","No",1.59518091157622,2.60700596130723,1.94455394915889,"England"
292,31,"Male","No",1.67815467028822,2.95817084202549,2.62291925953489,"Scotland"
293,51,"Male","Yes",1.46210160278907,2.10843226055931,2.98989109006651,"NI"
294,63,"Female","Yes",1.49243203109311,3.05801285661318,2.4816069143618,"England"
295,41,"Female","No",1.38691256602514,2.11206260200174,3.77837080569577,"England"
296,19,"Male","Yes",2.50381273444959,2.44204949377033,3.62582872943699,"England"
297,79,"Male","Yes",1.52912975912506,2.83816499601848,2.12167939762562,"England"
298,23,"Female","No",2.39095602891196,2.1594948093187,3.50596703750378,"England"
299,52,"Male","No",3.20232856741925,2.5475250274912,3.42995450986226,"England"
300,73,"Male","No",2.00692688113197,3.3836745112986,2.18918543065306,"England"
301,41,"Female","No",2.01351639459412,2.24035390352486,3.62977861683628,"England"
302,54,"Female","No",2.49420663804531,1.85122487669768,3.69274263729375,"England"
303,28,"Male","No",2.0931814533854,2.90526395894764,3.01701902040572,"England"
304,35,"Male","No",1.74099838114548,2.06065722973736,3.18988083548021,"England"
305,58,"Female","Yes",1.43281697909507,2.34969598570865,1.95180018742376,"England"
306,60,"Female","Yes",2.14385657866091,2.78436758886146,3.82167678965616,"England"
307,61,"Male","No",1.89923926357455,2.75834536218492,2.22411892552747,"Wales"
308,80,"Female","No",2.28441270996471,3.16049176791587,2.37563689743554,"England"
309,25,"Male","No",2.23254650397119,2.11953805328806,2.94252100393786,"England"
310,71,"Female","No",2.71007334603536,2.3215775208189,2.67704218149461,"England"
311,23,"Male","Yes",2.38210285442637,2.13150919543588,3.70400465310567,"England"
312,58,"Male","Yes",2.6341133074517,2.40893505104565,2.13233664133319,"England"
313,56,"Male","No",2.13274697390577,3.61403550705055,2.26045795774235,"England"
314,60,"Female","No",2.48348178946328,2.4658109129857,2.78112237499219,"England"
315,31,"Female","Yes",1.98376205132368,2.48442640900578,2.97633160090045,"England"
316,49,"Male","Yes",2.02779065385634,2.78645450024863,4.51378547947553,"England"
317,79,"Female","Yes",2.13510004259506,1.81861810536681,1.76498265742437,"Scotland"
318,28,"Male","Yes",1.57817609991774,3.03401657516489,3.33588664731085,"England"
319,26,"Male","No",1.53337529217921,2.4673161346935,3.18822652872304,"England"
320,68,"Male","Yes",1.96338922445427,2.10523014363607,3.32677701101647,"England"
321,21,"Female","No",1.44122659461213,2.70961686024458,1.78511999538723,"England"
322,47,"Female","No",2.14497081659871,2.39742630239143,2.84653058593314,"England"
323,49,"Male","No",2.4752088012933,2.41509572889636,2.2877363086001,"England"
324,22,"Female","Yes",1.68525032082819,2.43567020231868,1.47045473171362,"England"
325,63,"Male","No",2.12443485759955,3.366434919963,2.02355995583381,"England"
326,35,"Female","No",1.37573832191267,2.19037047563822,1.93141120266211,"NI"
327,55,"Male","No",2.53939159106316,3.03438541925746,3.67451462138134,"England"
328,41,"Female","Yes",1.93212798391125,2.5920752601881,2.14997104844082,"England"
329,48,"Male","Yes",2.81934374776223,2.34447376993577,3.19368427684194,"England"
330,69,"Female","No",2.11965043495113,2.13912501323464,3.00385136538446,"England"
331,61,"Male","Yes",2.97413408146473,2.29442063454713,2.09343437383473,"England"
332,77,"Male","No",2.25739674295157,2.345488538618,2.9598117831751,"England"
333,32,"Female","Yes",2.01085750912138,3.11074804196543,2.97164275825217,"England"
334,26,"Male","No",2.57567054783602,2.06243116416378,1.86085587763255,"England"
335,57,"Male","Yes",2.3490761775819,3.42026129090805,3.08132842554793,"England"
336,67,"Male","No",1.83890561249509,2.40436027341144,2.6064643198976,"England"
337,30,"Female","No",2.43005751140969,2.13396053034012,2.45437053938311,"England"
338,58,"Female","No",2.3965106426566,2.1035706628982,2.03454100767289,"England"
339,31,"Female","No",2.2752713066445,2.60533907235978,2.49686032185792,"Scotland"
340,34,"Female","Yes",1.93246211696521,3.47889948644466,1.90484648882532,"Scotland"
341,54,"Female","No",2.07639349773052,2.37441393007332,2.59440684055715,"England"
342,33,"Male","Yes",2.51306552018676,2.44639929301738,2.52371031077514,"England"
343,62,"Male","No",2.6286031180622,2.61484054673231,2.45056153441505,"Scotland"
344,24,"Male","Yes",2.24000888484242,2.53551055092073,3.33390539353339,"England"
345,30,"Female","No",1.72076881785152,2.08466791886046,2.2075799414568,"Scotland"
346,72,"Male","Yes",2.45429205718678,3.05344307151355,2.52398887804901,"Scotland"
347,21,"Male","Yes",2.17044987595826,1.8109064297636,3.17150118437248,"England"
348,64,"Female","No",2.63456466693617,1.95115499735548,3.46863374925559,"England"
349,27,"Female","No",1.34732975649676,2.2673584535873,2.54224480931871,"England"
350,27,"Male","No",1.75024472784742,2.34407307332013,2.65241488857887,"England"
351,18,"Male","Yes",2.35034852742877,3.09029563462413,3.32443737063335,"England"
352,41,"Female","No",1.46412055797626,2.15108698694506,2.81789311456331,"England"
353,55,"Female","Yes",3.39188484970867,2.40021257953573,2.82568752029854,"England"
354,27,"Male","Yes",1.69965538254666,2.31386400504411,2.44097511126855,"England"
355,66,"Male","No",2.31018903399492,3.39817494523751,2.67488251506011,"England"
356,54,"Female","No",1.28785210014695,3.31134001804079,2.61470646597252,"England"
357,83,"Male","Yes",3.1363741792081,1.90729619597963,2.98440788526827,"Scotland"
358,82,"Female","No",2.44113325270268,2.74444802947348,2.51554118709096,"England"
359,29,"Male","No",1.85846366356675,1.77356717462585,2.41032725535298,"Scotland"
360,50,"Male","No",2.22273190586266,2.03571887904686,2.56126321218474,"England"
361,38,"Male","No",1.76607573270777,2.17429770427201,2.31150706430132,"NI"
362,74,"Female","Yes",1.29185919844221,2.02551098699811,3.61626899655694,"Scotland"
363,48,"Female","Yes",1.58795436270661,2.62801224350886,1.9211274173877,"England"
364,83,"Male","No",1.67163293447952,2.32461602679108,3.39819304342305,"England"
365,57,"Female","No",2.63643210127187,2.67147319174867,2.6032102367399,"England"
366,85,"Female","No",2.31911813047608,3.1885970320325,1.29663791247931,"England"
367,31,"Female","No",1.92591749522383,3.1558176378391,2.25583053561754,"England"
368,23,"Female","Yes",1.9795588051066,1.34007835874602,3.36138808858598,"England"
369,73,"Female","Yes",2.60396476871427,2.357529442231,1.76960214576458,"England"
370,36,"Male","No",1.62802447039441,2.76678206245716,2.69613440002414,"England"
371,41,"Female","No",2.38171955226702,3.15230811093291,1.81181805666796,"England"
372,62,"Male","No",1.66084825648861,2.18051135125672,2.66268061878,"England"
373,74,"Male","No",2.43682728413456,2.57158364003839,3.2754188848719,"England"
374,64,"Female","No",2.69076192360517,3.41395283273788,2.47659528794529,"England"
375,20,"Male","No",1.89443318764423,2.61143656701855,3.23204897226938,"England"
376,51,"Male","Yes",2.31470995319379,3.55050571797261,3.08382061702405,"England"
377,47,"Male","Yes",1.06338826190796,1.25861712443408,3.39613877534678,"England"
378,79,"Female","Yes",2.25220730678799,3.638971569154,3.47624500934689,"England"
379,60,"Male","No",2.24776777231389,1.17000776069864,3.26026679725058,"Scotland"
380,35,"Female","No",2.30004768815129,3.13452631738209,2.86380974799036,"Scotland"
381,38,"Female","No",2.67167704278953,3.09540497009114,2.6504873207675,"England"
382,49,"Male","No",1.6518256605008,2.28725192176908,2.69946522805035,"England"
383,38,"Female","No",2.75770653517867,2.31463966731697,2.84615448225581,"England"
384,67,"Female","Yes",1.64848185139406,2.69910692587401,2.02469047881413,"England"
385,35,"Female","No",1.33156665702961,2.59513761545986,2.22370652721718,"Scotland"
386,73,"Male","No",3.1367787675386,2.63397361254187,2.28627931757716,"England"
387,54,"Female","No",2.48372598018084,3.23584367448304,2.26928378154722,"England"
388,83,"Female","Yes",2.45883320555955,2.62839398700317,2.42700564159427,"England"
389,78,"Male","No",2.39667196962106,1.34401699222281,2.57392333038853,"England"
390,49,"Male","No",2.00190552206206,2.73311354613256,2.09338085406669,"England"
391,27,"Male","No",2.57407857112337,2.31927086245002,1.1576887511784,"England"
392,34,"Male","No",2.7749048209569,2.9720315763954,3.92139009330836,"England"
393,48,"Male","No",1.36600614548035,2.01003441283145,2.07929228864339,"England"
394,57,"Female","No",1.56277761030459,2.35968068027803,3.27433976148424,"England"
395,38,"Male","No",1.76037960116756,1.63878511582159,2.20852901138937,"England"
396,31,"Male","Yes",2.34714086810075,1.66922106515829,2.93481517005538,"England"
397,80,"Female","Yes",0.998252513184829,1.52294664888409,2.52104913857033,"England"
398,74,"Female","Yes",2.02600814414646,2.51357197988881,3.00089362331686,"England"
399,84,"Female","No",1.41810012010559,0.964696227114979,1.40817445683728,"Scotland"
400,26,"Male","No",1.93775990077766,3.20252486793405,2.76449018961873,"England"
401,64,"Female","No",1.34471447750043,2.13565212937027,2.5129488923299,"England"
402,85,"Male","No",2.65011246498822,2.50821506347871,3.51176748296164,"England"
403,53,"Female","No",1.97026350224304,3.17093686750654,2.39464121710446,"England"
404,73,"Male","No",2.00848824486184,2.66868267174288,2.35776056446897,"England"
405,80,"Male","Yes",2.80128474119994,2.73614571630663,1.41468059908159,"England"
406,40,"Female","No",1.69353699837674,2.14349828641287,2.71675218533313,"England"
407,39,"Male","Yes",1.37311651582822,1.77521530008372,3.01228888320876,"England"
408,30,"Female","No",1.80889856693269,2.8592810211101,2.45751409214233,"England"
409,49,"Female","No",1.79322069644129,2.38631676339351,2.23084725811016,"England"
410,73,"Female","Yes",2.26466760877204,2.49997844894488,2.84421585005686,"England"
411,75,"Female","Yes",1.95158251984851,2.03822700059495,1.83237721685442,"England"
412,79,"Female","Yes",1.43673923115724,2.18824273575677,2.81457085361138,"England"
413,54,"Male","No",2.01352937607021,1.21680059845285,3.26805180675936,"England"
414,17,"Male","Yes",2.38037689353222,1.57467292498691,2.50313544685525,"England"
415,38,"Female","Yes",1.46859255457483,1.62009960708169,2.35761050958886,"England"
416,84,"Female","Yes",2.57045832246833,2.3990291302232,2.3830544895602,"England"
417,56,"Male","No",2.43253913838977,1.90281618786731,2.92585038424083,"England"
418,37,"Male","Yes",2.80522589128968,2.71789069808633,1.78258347226143,"England"
419,39,"Female","Yes",1.94590630738847,2.51973081525793,2.06247168915484,"Scotland"
420,26,"Female","No",2.298625971954,2.22086547135035,1.63940853535429,"England"
421,83,"Female","No",1.68959949121301,1.60095823989697,2.43650010971566,"England"
422,54,"Male","Yes",1.97939600126768,2.12427785412208,2.58542861654358,"England"
423,41,"Male","Yes",1.60468012478301,2.99992650399178,2.66596107880612,"Scotland"
424,41,"Male","Yes",2.60547533794873,2.76700768816571,2.50085604048751,"England"
425,74,"Female","No",1.41931780732778,2.32535423511018,1.4209739207381,"England"
426,79,"Male","No",2.38890322631385,1.24315903412799,1.77992157133042,"England"
427,51,"Female","No",1.77868653677388,2.22772759011264,2.41765210609614,"England"
428,68,"Female","Yes",1.60746777560873,0.862396965977065,2.78927393244591,"England"
429,79,"Female","No",2.78663130565953,3.49335190170084,2.73217708379314,"Wales"
430,34,"Female","No",2.15027036814693,2.51887896582731,1.92833536604948,"England"
431,73,"Female","No",2.25665587390248,3.20619693328729,3.27409037585654,"England"
432,69,"Female","No",2.191419356952,2.40258190099094,2.63948601496847,"England"
433,34,"Female","No",2.40671204302532,3.66230753881295,2.38300078541557,"England"
434,44,"Male","Yes",2.79321163846655,1.99676057184147,2.78463129073945,"England"
435,59,"Female","Yes",2.1291524015093,2.96927458004087,3.16431320050262,"England"
436,50,"Female","Yes",2.67382826149002,2.4938715660862,3.0013357271088,"England"
437,47,"Female","Yes",0.996730230277522,2.90719274858406,2.35262901493711,"Scotland"
438,54,"Female","No",2.39615434439224,1.7578704909657,1.84230513496503,"England"
439,64,"Male","No",2.29873865294903,3.75337140702962,3.17090708136532,"England"
440,49,"Male","Yes",2.18501715550336,2.66936431337124,1.93065557292512,"Scotland"
441,50,"Male","No",2.1597367355605,2.22184073364267,2.16380889731272,"England"
442,26,"Male","No",1.88491606636012,1.83571399464462,3.35451689904876,"England"
443,63,"Male","No",1.80715424808479,1.64580868416358,2.26734532441033,"England"
444,82,"Male","No",2.61495434695145,1.4828512263483,2.44374004801095,"England"
445,48,"Male","No",2.01227131558616,1.53817764205492,2.91749907428531,"England"
446,33,"Male","No",2.65529598047614,2.52223874784646,3.4778603785905,"Wales"
447,74,"Female","Yes",1.91813876631645,3.12807162284883,1.97030635122096,"England"
448,29,"Male","Yes",1.62366384366141,2.69819277013207,3.09306903217947,"England"
449,59,"Female","No",2.77988420381391,1.418026815524,2.59138071029391,"Wales"
450,22,"Male","Yes",2.0537096407774,2.54802180597486,3.53370764864304,"England"
451,23,"Male","Yes",2.67212194448017,3.3400380516751,3.23438929774186,"England"
452,63,"Male","Yes",1.52095836453721,3.06822523975398,2.57983245620148,"England"
453,50,"Male","No",2.26822147600221,3.53258922447908,2.11941884293522,"Scotland"
454,29,"Male","Yes",1.95162097453989,2.73496617886581,1.76611187066392,"England"
455,42,"Male","No",3.01840446624171,0.657949524807761,1.95353379565872,"England"
456,39,"Male","No",2.71461429697458,2.85973451758393,2.32253401819498,"England"
457,76,"Female","No",2.36333387687038,2.61933243813859,1.8250820609957,"England"
458,55,"Female","Yes",1.86175196033973,1.53775829216515,2.51675858846358,"England"
459,25,"Female","Yes",2.56224537117136,2.42638674858731,2.26176763753796,"England"
460,41,"Male","Yes",2.43919752265415,2.12374749605653,3.89574264788813,"NI"
461,18,"Male","No",1.42002935268287,2.25165965922397,3.32483512092404,"England"
462,45,"Female","No",2.65834646552166,2.76391163013114,2.94038167912703,"England"
463,63,"Male","No",2.50279277541139,2.1685562235042,2.24697996876057,"Scotland"
464,55,"Male","No",2.01184197905317,2.13492710310103,3.92095506934723,"England"
465,74,"Male","No",3.18663128560681,1.6842122424589,2.42886135619735,"England"
466,70,"Male","Yes",2.54783878254564,2.59647937624626,2.58603858219738,"England"
467,63,"Female","No",1.85845297422546,2.80854068894728,1.35535350398018,"England"
468,84,"Female","No",2.53763617779742,2.82016434273018,3.32146806623027,"England"
469,79,"Male","No",2.29237026179883,3.16594043472903,2.5743983256455,"England"
470,28,"Male","No",2.01777557061052,1.17541306357389,1.94990790533088,"England"
471,73,"Female","Yes",0.566789812836038,2.51860546306028,2.60497636743245,"England"
472,76,"Female","No",1.89715139257357,1.75279329870004,3.31022738020104,"England"
473,29,"Female","No",2.11141615493259,2.84092004393661,2.66307943676398,"England"
474,72,"Female","No",2.43999565260848,2.5448139354472,2.80721017124475,"Wales"
475,73,"Female","No",2.26573701661282,1.90151230740673,3.29886576247466,"England"
476,17,"Male","Yes",2.20657051362581,2.28856994805069,2.01399703022008,"England"
477,36,"Male","Yes",2.81120894358693,3.28561317813623,2.44796664942077,"England"
478,49,"Male","No",2.07514105428028,2.19679251000875,3.05870090261069,"England"
479,76,"Female","No",1.60382994185643,1.53404410127575,1.70316462267747,"England"
480,65,"Female","No",1.86334214652354,3.10994910901902,3.38821962762202,"England"
481,74,"Female","Yes",2.01339361024421,3.15506761884698,1.90938568069257,"England"
482,82,"Male","Yes",1.82989803846226,2.15999223114321,2.78467172039975,"England"
483,50,"Female","Yes",1.22362998802096,3.42630879892812,2.72524763279469,"England"
484,22,"Male","Yes",2.37986519581855,2.40699488282116,2.22370742450006,"Scotland"
485,76,"Female","No",2.47201992164758,1.78654936482055,2.75063482927781,"England"
486,45,"Female","No",1.75400601444312,2.32861711965787,2.48504441506942,"England"
487,44,"Female","Yes",2.3050251868038,2.64243063809976,3.19106392935141,"England"
488,18,"Male","No",1.95163417289303,2.81498381740098,1.73559103159974,"Scotland"
489,75,"Female","No",1.96116822055288,2.71567757496918,3.45349969521167,"England"
490,64,"Female","Yes",2.38393580806431,3.1922603265339,2.4456612367606,"England"
491,17,"Female","Yes",2.29651400538368,2.62932192264878,2.12784234589473,"England"
492,78,"Male","No",1.82568888550514,2.78939408845154,1.91908299226467,"England"
493,27,"Female","Yes",1.75600989876976,3.07432431701086,3.31194516550468,"Scotland"
494,54,"Male","No",2.3553571199373,2.40686439584395,1.60992581344415,"England"
495,55,"Male","Yes",1.63043709921171,2.05672243551337,2.69967736546155,"England"
496,69,"Female","Yes",1.7689850041813,2.3419947234097,2.22248970484092,"England"
497,38,"Female","No",2.7500626212274,1.7533150928081,2.11046642115288,"England"
498,29,"Male","No",2.17534297551901,2.52783032727178,2.50551341087201,"England"
499,17,"Female","No",1.89141923622387,2.78212661782208,2.64820744579123,"England"
500,76,"Male","No",1.54639105975706,1.9136084125282,2.37013349490103,"England"
